source,num_tokens,shards,fraction,original_num_tokens,percent_of_original
cc_en_head,15192835695,275,0.7593779084826124,56704108221,26.79318337180626
starcoder,1621103184,49,0.08102700312263357,18073626608,8.969440495591764
reddit,1130512165,78,0.05650597298662158,12657044184,8.931881318934645
pes2o,769725875,26,0.03847292479144058,8620262157,8.9292629502567
arxiv,263733243,100,0.013182081507837737,2963907246,8.898161147111686
wiki,240452586,2,0.012018453007163619,2686373109,8.950826122939723
tulu_flan,197379183,66,0.009865530976147821,2213075455,8.918773309516462
stackexchange,180241794,26,0.009008959176325371,2020217048,8.921902435109041
open_web_math_train,118882575,13,0.005942063941903724,1317733577,9.021745903345073
cc_news,118035793,5,0.005899739549209059,1321684468,8.930708944368105
algebraic_stack_train,110951987,16,0.005545672284060728,1204600024,9.210691083300194
books,63095721,3,0.003153690174043737,707502856,8.918087109460375
megawika,0,0,0.0,665799423,0.0
cc_en_tail,0,0,0.0,58256498518,0.0
cc_en_middle,0,0,0.0,71116204997,0.0
c4,0,0,0.0,21715348728,0.0
falcon,0,0,0.0,68958517268,0.0
