source,num_tokens,shards,fraction,original_num_tokens,percent_of_original
cc_en_middle,4324499796,379,0.21621928194609652,71116204997,6.080892246967378
falcon,4194280908,500,0.20970850942039948,68958517268,6.082324670206249
cc_en_tail,3535698221,444,0.1767802443255592,58256498518,6.069191096178816
cc_en_head,3447370718,275,0.17236398575794018,56704108221,6.07957840473239
c4,1320551433,171,0.06602582867046314,21715348728,6.081189160445151
starcoder,1102677948,49,0.05513244198898678,18073626608,6.101033134721934
reddit,769578196,78,0.038477894043237995,12657044184,6.080236308038158
pes2o,524410178,26,0.026219816737478845,8620262157,6.083459742278926
arxiv,179011042,100,0.008950315825535196,2963907246,6.03969784282514
wiki,163917121,2,0.00819563969781522,2686373109,6.1018002469887
stackexchange,123118028,26,0.006155738898034487,2020217048,6.094297051986862
cc_news,80344851,5,0.00401713650382286,1321684468,6.078973684360494
open_web_math_train,79383356,13,0.0039690630228882435,1317733577,6.024234138491562
algebraic_stack_train,73823727,16,0.003691088910973938,1204600024,6.128484603118355
books,41665420,3,0.002083216006326418,707502856,5.8890815276087025
megawika,40197026,262,0.002009798244441534,665799423,6.037407755458508
tulu_flan,0,0,0.0,2213075455,0.0
