source,num_tokens,shards,fraction,original_num_tokens,percent_of_original
cc_en_middle,4612174460,379,0.23061638632486348,71116204997,6.485405766793324
falcon,4469089584,500,0.22346190478323047,68958517268,6.480837699324878
cc_en_tail,3776177205,444,0.18881513452971663,58256498518,6.481984501408444
cc_en_head,3672188648,275,0.18361553389828755,56704108221,6.476053963652723
c4,1406741456,171,0.0703394101610148,21715348728,6.4780974674661005
reddit,820603081,78,0.04103151751706921,12657044184,6.483370596409384
pes2o,559369775,26,0.027969418166773327,8620262157,6.48901117868868
arxiv,192483861,100,0.009624512870156548,2963907246,6.494260616953193
wiki,174370557,2,0.008718817574128283,2686373109,6.490928472140241
tulu_flan,143732601,66,0.007186868867855762,2213075455,6.494699522118192
cc_news,85600164,5,0.004280150428328695,1321684468,6.476596046371939
books,43695334,3,0.0021848393016637843,707502856,6.175994008990969
megawika,43108679,262,0.0021555055769114442,665799423,6.474724595848741
open_web_math_train,0,0,0.0,1317733577,0.0
stackexchange,0,0,0.0,2020217048,0.0
starcoder,0,0,0.0,18073626608,0.0
algebraic_stack_train,0,0,0.0,1204600024,0.0
