source,num_tokens,shards,fraction,original_num_tokens,percent_of_original
cc_en_middle,3862029956,379,0.21469434905421908,71116204997,5.430590617374644
falcon,3747265558,500,0.20831447422053737,68958517268,5.434086616794048
cc_en_tail,3162207227,444,0.17579045991618203,58256498518,5.428076364773187
cc_en_head,3079476319,275,0.17119136083044606,56704108221,5.4307816763434005
c4,1181179706,171,0.06566303498028173,21715348728,5.439377100479047
starcoder,980303071,49,0.05449608938874759,18073626608,5.423942257200802
reddit,687692389,78,0.038229550647715334,12657044184,5.433277936007559
pes2o,468976600,26,0.026070907529403144,8620262157,5.4403983482007225
arxiv,159578734,100,0.008871151391718096,2963907246,5.384066394633727
wiki,145544393,2,0.008090967462611376,2686373109,5.417877081645549
tulu_flan,120442379,66,0.00669551983090484,2213075455,5.44230784033525
stackexchange,109794256,26,0.006103579358619633,2020217048,5.4347752440113055
cc_news,71561654,5,0.003978188387405986,1321684468,5.4144280070332185
open_web_math_train,69569951,13,0.0038674675012486926,1317733577,5.279515693785801
algebraic_stack_train,64803440,16,0.003602492089855282,1204600024,5.379664511778227
books,42568630,3,0.0023664353752050242,707502856,6.0167432030832675
megawika,35508802,262,0.001973972034898725,665799423,5.333258151531922
