source,num_tokens,shards,fraction,original_num_tokens,percent_of_original
tulu_flan,5033399920,66,0.25165900290560556,2213075455,227.4391462174524
cc_en_middle,3234800185,379,0.1617329443506584,71116204997,4.548611930482593
falcon,3132723056,500,0.15662931084012924,68958517268,4.542909534764216
cc_en_tail,2655958594,444,0.1327921290078246,58256498518,4.55907694689094
cc_en_head,2581353528,275,0.12906203864749677,56704108221,4.552321884579101
c4,987654113,171,0.04938054858418647,21715348728,4.548184444887631
starcoder,821164461,49,0.04105642960251389,18073626608,4.543440443970026
reddit,575609408,78,0.02877921325201712,12657044184,4.547739579890528
pes2o,392512352,26,0.019624760341406387,8620262157,4.553369083807552
arxiv,135368363,100,0.0067681225014888284,2963907246,4.5672266965401525
wiki,122189553,2,0.006109210784399911,2686373109,4.5484952403162255
stackexchange,92055009,26,0.004602549399135872,2020217048,4.556689049383767
cc_news,60215296,5,0.0030106332880113964,1321684468,4.5559509442612285
open_web_math_train,58572685,13,0.0029285063255224354,1317733577,4.444956554370322
algebraic_stack_train,54914577,16,0.0027456089149385733,1204600024,4.5587394907772305
books,32252281,3,0.0016125436100637533,707502856,4.558607887796287
megawika,30130269,262,0.0015064476446007646,665799423,4.525427322276307
