source,num_tokens,shards,fraction,original_num_tokens,percent_of_original
cc_en_middle,3793046881,379,0.1897467931537727,71116204997,5.333590116570488
falcon,3677957894,500,0.18398947802013826,68958517268,5.333580302641956
cc_en_tail,3107896000,444,0.15547218844286084,58256498518,5.3348486075587385
cc_en_head,3024368940,275,0.15129375556981808,56704108221,5.333597573235346
wiki,2437058529,2,0.12191361064429738,2686373109,90.71928693878242
c4,1159094861,171,0.05798360519545815,21715348728,5.3376755562090095
starcoder,962458889,49,0.04814691024381591,18073626608,5.325211756748272
reddit,675142179,78,0.03377392038833078,12657044184,5.334122004989597
pes2o,459675908,26,0.022995241601140828,8620262157,5.332504970591001
arxiv,157515131,100,0.00787967876963512,2963907246,5.314441982372346
tulu_flan,118184846,66,0.005912185172348911,2213075455,5.340298982259509
stackexchange,107771517,26,0.00539125942431696,2020217048,5.3346504083159285
cc_news,70826674,5,0.003543097325943041,1321684468,5.3588186677548215
megawika,70540403,262,0.0035287766476263514,665799423,10.594842915626858
open_web_math_train,69472966,13,0.003475378217815675,1317733577,5.272155708300662
algebraic_stack_train,64383976,16,0.003220801998964132,1204600024,5.344842662895381
books,34649128,3,0.0017333191837168318,707502856,4.89738348137495
