source,num_tokens,shards,fraction
cc_en_middle,71116204997,379,0.2147212178723851
falcon,68958517268,500,0.20820650948800598
cc_en_tail,58256498518,444,0.17589389522814722
cc_en_head,56704108221,275,0.17120676189195225
c4,21715348728,171,0.06556517077361487
starcoder,18073626608,49,0.05456971609781784
reddit,12657044184,78,0.03821542420560426
pes2o,8620262157,26,0.026027164818600134
arxiv,2963907246,100,0.008948927653672657
wiki,2686373109,2,0.008110968599188306
tulu_flan,2213075455,66,0.0066819405923182855
stackexchange,2020217048,26,0.00609964304101173
cc_news,1321684468,5,0.00399056303164584
open_web_math_train,1317733577,13,0.003978634103109274
algebraic_stack_train,1204600024,16,0.003637049870888013
books,707502856,3,0.0021361639712765773
megawika,665799423,262,0.002010248760761658
