source,num_tokens,shards,fraction,original_num_tokens,percent_of_original
cc_en_middle,5567291366,379,0.2147757298018196,35558102498,15.656885421018002
falcon,5394834709,500,0.2081226732378034,68958517268,7.823304390425832
cc_en_tail,4557787523,444,0.1758309521057592,29128249259,15.647310219277054
cc_en_head,4442679262,275,0.1713902898272451,28352054110,15.669690967586828
c4,1697918404,171,0.06550252903775196,10857674364,15.637956592524679
starcoder,1408416496,49,0.05433408472936775,18073626608,7.792661243629915
reddit,990342767,78,0.03820557907843086,12657044184,7.8244395184454705
pes2o,677147495,26,0.02612308892440658,8620262157,7.855300484685712
arxiv,232205086,100,0.008958039651726804,2963907246,7.83442485635733
wiki,208640695,2,0.00804896934416776,5372746218,3.8833156552416934
tulu_flan,172930812,66,0.00667134858063063,2213075455,7.814049521415889
stackexchange,157811414,26,0.0060880703711505895,2020217048,7.811606884331173
cc_news,103892895,5,0.0040079943509191245,1321684468,7.860642802076115
open_web_math_train,102760318,13,0.003964301640094376,1317733577,7.798262091336237
algebraic_stack_train,96669886,16,0.0037293441191719196,1204600024,8.025060939231727
books,58294854,3,0.00224890687202099,707502856,8.239522074805588
megawika,51793541,262,0.001998098327533351,665799423,7.7791507788675265
